,A,B,C,D
2000-01-01,0.14951540246935735,0.5795752008336077,0.02640740788272523,0.07315721883537954
2000-01-02,0.32272927240554156,0.7772142170281342,-1.2547917915301496,0.43291472094221983
2000-01-03,-1.6679503380246739,1.3455058433569418,-0.5350056663174791,1.0538367512625286
2000-01-04,-1.731926911304897,1.3027246335443656,-0.12664873107778724,1.7096817283285612
2000-01-05,-1.1474675268117385,0.394556173075126,-1.4716038011496637,1.3975244367223993
2000-01-06,0.5493677778518877,-0.5672359521013995,-1.5990224136698696,1.2139814339423074
2000-01-07,1.6946728302269232,-1.6442182618461305,0.264456234255539,2.214644980729752
2000-01-08,1.1695824628378193,-1.58354216020798,-0.4952816530030255,3.2680914338785017
2000-01-09,0.5512875688316992,-0.4400013070579296,0.5395625427863755,3.1403126083995745
2000-01-10,2.975069354559463,0.47269562517686037,0.9076190963050035,2.617465180584175
2000-01-11,3.009961903127221,-1.6799228543444507,-0.3294103730242426,0.9455008171638135
2000-01-12,1.5409870554797687,-2.41776035901929,0.3402616834823986,1.4448403120860556
2000-01-13,1.3115414773378862,-1.5277700911162961,-1.1212911608900222,1.3827725992672928
2000-01-14,1.4238388057388787,-1.0373403399607104,-1.980537845830311,-1.0063010986086067
2000-01-15,2.0218096990407735,-1.324573384135068,-0.7614262290506486,-1.2185002632489705
2000-01-16,1.5146857162973377,-0.6354488041767451,-1.2783475712083971,-0.2464441656400338
2000-01-17,1.9768244468350602,-0.4389206591521174,-1.6163873503012898,0.6616362362311196
2000-01-18,2.9930876392230763,-0.8659561503368571,-2.564362160029561,0.05090219927476314
2000-01-19,5.1665818549729075,0.12746445595931177,-2.463182384187097,-0.23425108956078194
2000-01-20,6.020700976363172,1.2976375627766275,-1.75429190100511,-1.223967640459252
2000-01-21,6.868254785824228,1.2203288533195986,-2.326401059243559,-1.1357131131702694
2000-01-22,5.8853962244677955,1.15154771199275,-2.573096018957937,-0.6066005738694501
2000-01-23,5.455633955690689,1.9990890331651028,-2.583052015245292,-0.4244540568408907
2000-01-24,5.579172241158447,0.7640996446471522,-1.506415670818954,-0.6088496477873009
2000-01-25,5.760836817868863,1.4529330164057968,-0.2720392711950619,-0.8061017087165854
2000-01-26,7.0521081588143835,2.040558349845329,-0.047342374854348834,0.31158093309281387
2000-01-27,8.170158993980397,2.6678886186949917,0.6778056396457104,-1.67344429350724
2000-01-28,7.915391982113506,0.8683784891171373,-0.7661719174363824,-1.623043218909342
2000-01-29,6.348948870904104,1.8327532385144782,-1.1175621192654388,-2.188878479717139
2000-01-30,6.037186663937154,2.7401295194314295,0.17853923372783198,-2.7523508270033625
2000-01-31,6.0055627342358,2.2851342330844684,1.189460301009589,-2.585592958464111
2000-02-01,5.145516558155123,0.9547030726294257,2.473031661360034,-3.2531753553100446
2000-02-02,5.367570979031622,1.8907194075021088,1.5427682330079908,-4.310920303054262
2000-02-03,6.596071060825843,2.6452457736791803,1.1678047009722181,-4.555483647672263
2000-02-04,7.779004127405018,4.0505414651564315,1.304309340768986,-3.4859649026751565
2000-02-05,7.83286254696267,3.800469712588337,2.1911617281784954,-2.5012088718691605
2000-02-06,7.115510795174654,3.6885384960705188,2.5759740474117616,-4.514893560241241
2000-02-07,6.627223960662348,3.7610098588795005,2.371257032925342,-4.201899698371478
2000-02-08,6.990485049082891,3.5864836935325544,2.4832337199674828,-5.920785195349913
2000-02-09,4.772997907938546,2.2033310263518135,4.601500189317706,-7.4799811043442785
2000-02-10,3.8180291034379015,1.1570317479708907,5.0982197423511195,-5.334227797878466
2000-02-11,3.1433599231009626,4.5464355966784815,3.4782866786781708,-6.739317709345023
2000-02-12,4.277350195042635,2.918388898006216,2.8702451775174316,-4.270156178953025
2000-02-13,6.252293798099241,3.3663450663655357,3.2521286692940437,-5.307095827271667
2000-02-14,5.285729565082647,3.794778230376306,3.930996373752611,-5.344103049604637
2000-02-15,4.034427838204096,4.039796015246032,3.789258966895202,-5.628095423641884
2000-02-16,4.259073901913438,3.509727436566374,3.711581366114502,-6.313191821490419
2000-02-17,6.795643933940193,3.1685993517339277,1.318356429512002,-7.221408360230649
2000-02-18,6.018380703385969,4.600800608321812,1.623983075257495,-7.381754810764719
2000-02-19,6.440300277099067,4.499016230861411,1.5357856532721441,-8.258207942913318
2000-02-20,4.831858968532708,3.6678915206074363,1.7444422382082783,-7.716341204840634
2000-02-21,4.2408734504111045,3.076319920454269,-0.027966639259920267,-10.05197584924408
2000-02-22,4.635375835455189,2.6338919540161245,-0.5676447669803727,-10.604613497676501
2000-02-23,4.385680923943875,3.31597004435956,0.03604495491864512,-9.554191645571738
2000-02-24,2.727638682066723,3.1272448383076976,2.3411329188702865,-8.936542767485637
2000-02-25,2.265117500061292,2.8796500339996567,3.019520950170868,-8.629187725405824
2000-02-26,3.253180475152568,4.016570898261287,2.104636668430585,-10.02357624320955
2000-02-27,2.9599313341949722,5.681809445102313,1.862037368195108,-10.077627411666104
2000-02-28,3.509734098400739,5.600765446702635,1.6216791026380382,-10.125918788659678
2000-02-29,2.949260681935711,5.53365459865303,2.178038736028854,-9.19125805944906
2000-03-01,2.009425010087928,5.480851848489636,2.1033584434534855,-10.066857489992357
2000-03-02,2.084069577506891,7.133789532698054,3.8295734104240635,-7.987514477136787
2000-03-03,-1.0645226511417447,6.686417402484609,2.360524022083914,-8.436690915982961
2000-03-04,-0.3164294664124878,7.358661664857284,3.461101784682141,-8.177071681884222
2000-03-05,-0.2087464902631922,8.850272724953554,2.8185353954734857,-7.343235452092586
2000-03-06,-1.441755438346115,9.985449450685495,2.9131265509707456,-7.184456486715671
2000-03-07,-3.175943375022853,8.068229720788318,1.9137061937556745,-6.8999214534949935
2000-03-08,-3.996122178447769,8.52288660148567,3.1418790424335894,-7.456550141674727
2000-03-09,-3.387929886680991,8.827839488209356,3.1356394154674208,-6.546824658573429
2000-03-10,-3.6925961888519536,10.534103051643928,2.8694657635282153,-6.722710576835356
2000-03-11,-3.72002744712377,10.076716163323374,4.25190481146469,-7.562384506799583
2000-03-12,-1.829288979999792,10.972541813345977,2.867419701380827,-8.282009352726776
2000-03-13,-2.513906524641792,10.495571314126716,3.631896539163159,-8.988510370404232
2000-03-14,-2.0282677068496655,10.119724334926573,3.910157653245169,-8.132258840272957
2000-03-15,-3.2137231758875613,10.906073803561377,3.7481066937192344,-7.9840283695521475
2000-03-16,-3.6817373942962517,11.359197864233382,5.0469281077407935,-6.7654601447132166
2000-03-17,-4.1364077642640975,12.27393566231658,4.685896073662971,-6.976652274143984
2000-03-18,-4.185289157150303,11.763169382073407,3.8428461385837025,-6.948489246273721
2000-03-19,-3.697164724101744,10.28190752734444,2.1974010933723696,-9.119094136851867
2000-03-20,-4.598128894148014,11.165140989821063,2.338302660083066,-8.308809265753988
2000-03-21,-5.647993327381512,9.387636100336975,1.9065509727911318,-6.603908558140537
2000-03-22,-7.072787143695795,7.654740851190043,2.321302140612214,-5.652390754341817
2000-03-23,-7.388144929133032,6.865524519147728,2.343134210610916,-5.153805101919126
2000-03-24,-9.205966646258213,8.635548533216829,2.8840402475453826,-3.885635137631474
2000-03-25,-9.66807035847722,8.804537001743508,2.084641823762733,-5.234680304780747
2000-03-26,-8.589898274046472,9.950705236246874,2.1432049587827793,-5.214575162055482
2000-03-27,-5.7657128666809605,9.869541204949506,2.085336600236608,-5.356711292411616
2000-03-28,-4.1207545635106655,8.911674614446271,0.994599217219132,-4.374227809980755
2000-03-29,-3.9073165580269187,7.9844353444235034,0.12733005674687214,-2.8790455119688643
2000-03-30,-2.490190714112666,8.021324301054657,2.024484206017477,-0.591364784763575
2000-03-31,-2.981656675981701,7.873221901248036,2.9362621702992984,0.975815945645333
2000-04-01,-1.9977882999500034,8.382197904980304,3.0955158372366745,0.6455228715760306
2000-04-02,-0.32950142793792425,7.460340415242593,4.249118230594678,-0.3287555866756334
2000-04-03,-0.21912890363902995,8.503647418517167,3.4427655614392867,-0.4460922417168447
2000-04-04,2.3804750611828975,9.063550442728157,3.0696363328626357,-0.08397869466143038
2000-04-05,2.638113934353152,10.27138060838616,1.1867288919124122,-0.4512820923110063
2000-04-06,3.1881445360741845,9.42051949936723,0.8468784499526301,0.4429180409960903
2000-04-07,3.555636988677037,10.399116128255107,0.663153564461852,1.2920996724097087
2000-04-08,4.571925684909238,11.129480126385848,0.9135574706491447,1.1319798698615513
2000-04-09,6.167313417706574,10.284965865779586,1.403874187938095,1.6978233245501613
2000-04-10,5.795772544443977,9.953354161424786,0.1528875816575188,1.8796246156451393
2000-04-11,5.913365510074974,7.801144851971351,0.0959169728389424,1.9324954540543662
2000-04-12,7.078026653002991,6.982248816530732,0.2214978932997375,1.8476849952064227
2000-04-13,7.543325487577806,7.125906870425734,1.1713709297547639,2.0977367429617417
2000-04-14,6.826992537726532,8.667533285534592,1.8920992856771153,1.3034767568222791
2000-04-15,6.1960877821754705,6.976860817043806,0.5920873466674779,1.9854839342793564
2000-04-16,6.271354290849317,7.883187959501557,-0.9793991688833581,1.5318467693809386
2000-04-17,5.589582986347717,7.460037952840486,0.5136423390926899,1.0314673902782578
2000-04-18,4.656801940188703,8.549259136047436,-0.07140719599897227,0.0248132985232421
2000-04-19,3.4080151617771657,9.304920402084782,-1.3266559122345827,0.33883999931631104
2000-04-20,3.4118001041091808,8.93069917117306,-1.1680585794055611,-0.5565492634750648
2000-04-21,5.256574072163022,9.708425092746623,-0.7477646440067056,0.6427310666010435
2000-04-22,4.62697864795362,11.063787533959626,-1.421897154425415,-0.7459065672139302
2000-04-23,3.9828771827059866,12.163860023877332,0.19895586119440578,-0.22294410506007745
2000-04-24,3.1306691597524754,13.037596084076448,1.3968732503984786,-1.6466453809206216
2000-04-25,2.504602340105823,13.522444643373753,1.00975908938012,-1.7285763540967256
2000-04-26,2.7044508160488685,11.310429295421901,1.5388605937465618,-0.6547998097662744
2000-04-27,2.934069793049219,11.073042565892342,1.0933306756333097,-2.4718190866445466
2000-04-28,3.48158087916324,11.63024273801542,1.7557934245547866,-2.6935155833579576
2000-04-29,4.788015178021502,11.870555850839116,2.3557299184276217,-0.9376998668635512
2000-04-30,4.567492214133965,11.548568216460772,1.9681774153908882,-0.6618939461660152
2000-05-01,3.4485585353292976,11.414893368356026,3.3659230191509892,1.411013335439461
2000-05-02,2.464933730699122,11.0671086465509,4.185147383081228,0.029791764757912897
2000-05-03,1.6307114227949784,11.102124846966825,2.47136630722873,0.1711008746761889
2000-05-04,-0.16833442164393042,11.707010628489074,2.0560390480865833,-0.7537488135211479
2000-05-05,-0.8957189848632092,11.944668356727933,1.8334968580853828,-0.9363590789557006
2000-05-06,-1.7173717306486163,13.301901653562197,1.0632464868893878,0.2936551789794557
2000-05-07,-3.600100450264815,11.230533496592823,1.2497738411461676,-0.6746767491674034
2000-05-08,-3.7076752661124552,9.05883217051348,0.7298252960906579,-0.17482058068917372
2000-05-09,-4.474341510030212,11.121692471380097,-0.4381103474986854,-0.46580268285278736
2000-05-10,-4.739037133593252,10.839105947074017,-0.2686615766887983,-0.6433635769549058
2000-05-11,-5.526050683711166,10.401350054761325,-2.239929392425922,-1.0553175117861069
2000-05-12,-5.16065743615264,10.711741221473085,-3.1688444900497634,-0.6163663949231624
2000-05-13,-3.656771795707412,9.961986112265082,-3.8150296218753748,-0.1147382816228445
2000-05-14,-3.932766490321668,10.02430003717998,-2.5130542541790923,-1.44813040673426
2000-05-15,-2.6428677248553334,10.127014447222079,-2.0772802749117147,-1.1588068293834954
2000-05-16,-3.9127027321524803,9.495147388268387,-3.2695452134410976,0.026942187820631514
2000-05-17,-2.6730616313353837,9.78827918984717,-3.487212695081177,0.2836490610628016
2000-05-18,-2.023704644032029,8.52736734975812,-1.632295446016503,1.090838987455056
2000-05-19,-2.2142923766064264,9.527342904201038,-1.0988978700015934,1.6633768970214335
2000-05-20,-1.551916604407729,8.98071752817865,-0.907396873823144,2.5283867990191626
2000-05-21,-0.6444504557299792,11.839035209226461,-0.08412506554734811,2.370765081034388
2000-05-22,-0.9563601993588575,13.022995223342695,-0.33151995050617034,2.8560239797247515
2000-05-23,1.3934587550688144,12.673288104267522,-0.8951825716852407,1.8095555418276381
2000-05-24,0.4368611677784766,12.953406779175321,-2.1069924121107144,3.4107898942012236
2000-05-25,-0.9296547253140273,13.237563253168206,-2.2575121122375514,2.168651720161785
2000-05-26,1.1064142924303875,12.75111523337735,-1.404711651670847,1.9380251309220808
2000-05-27,1.6687147363468497,12.160489306981198,-2.997501476362116,1.2094785349596782
2000-05-28,2.242946264864848,12.819173160547457,-2.9445252831344524,1.5300577300161229
2000-05-29,3.450233034327622,11.894975303887698,-2.360837129728025,1.095870166449637
2000-05-30,3.160453208113721,9.380483281197765,-2.767288437365867,0.5267090813885267
2000-05-31,1.3250414643578188,8.410081061428864,-2.3737050035658545,-0.09909840409321713
2000-06-01,-0.021598039506106614,9.15292188271387,-2.7687129420581607,-0.8542828637512223
2000-06-02,-0.6464064850774769,9.06659439938565,-3.5703309639288077,-0.21033536944590603
2000-06-03,-1.3159658952123623,8.648341687122086,-4.277985508624387,-1.244218573778001
2000-06-04,-0.4953289257893416,8.725041752147925,-5.169164289404341,-1.0697539187711795
2000-06-05,-0.8647826080217976,8.669668556188403,-4.779991522728732,-0.5862425950179706
2000-06-06,-0.12791248663296362,8.052267252664656,-5.304278788623674,-2.1263643947955897
2000-06-07,-1.8496144938673496,9.969172913436944,-4.983709848430184,-2.017513623402532
2000-06-08,-0.3900914505306843,9.234515976721598,-5.904483046853355,-2.4544841933826693
2000-06-09,-1.706648334473676,8.002659686638552,-4.567780505053424,-2.5409908873635025
2000-06-10,-1.9455419102906353,6.902977816556388,-5.160052316244289,-1.6908004653986204
2000-06-11,-1.1539773406014215,6.80599572830614,-5.355387820711975,-1.0001616888622002
2000-06-12,-0.5874948363167811,6.221201543758884,-2.4609958099006692,-1.9791947227516453
2000-06-13,0.040576254490689245,7.835666656094469,-1.9241354356531728,-1.699090892100153
2000-06-14,-0.10784534617585537,8.432635319975324,-1.79471584247965,-1.4800415118351067
2000-06-15,-0.7172230775535837,9.580603164075203,-0.6206186531120812,-2.0880631665282223
2000-06-16,-2.5626793889129686,8.619284714042363,0.31794192169416635,-1.2478572787579958
2000-06-17,-3.246534775523779,10.273507233942441,0.06848456219274976,-0.5616451996680806
2000-06-18,-2.823148324934834,8.97223052051172,-2.7017303424316683,-1.313944906250097
2000-06-19,-3.138188481990907,8.78876300474958,-3.256307837309307,-1.8601676451316138
2000-06-20,-3.8487508906720818,8.262211337458364,-3.156991844208011,-1.1632191955887508
2000-06-21,-4.0333047223238685,8.368504013339892,-3.3094323266245556,-0.8273255872082586
2000-06-22,-4.93903835951106,7.716433289523063,-2.340271101492379,-1.2052103965257825
2000-06-23,-5.00579840137173,9.552077211452412,-1.065986415350479,0.15776291911569573
2000-06-24,-4.683288073597852,11.698622150041672,-0.3118581652179341,1.5318698375696702
2000-06-25,-5.247667027856813,11.466455769666902,-0.4260909570076644,0.561816690013192
2000-06-26,-5.857877714598152,11.34287097368762,0.28532794145359475,1.8646243399864328
2000-06-27,-5.4768788586609585,12.777172158724705,-0.1250179161340188,1.3362668762065883
2000-06-28,-4.08679261957462,12.790593407776745,-1.9308110693189098,0.6619247317069318
2000-06-29,-4.731197253481721,14.013356673954142,-0.2942249373410688,-0.13130720950966512
2000-06-30,-3.11309697578472,13.912553106470932,-0.6222737467651639,-0.2786818333145197
2000-07-01,-3.018336255350092,12.120709921962638,-2.0817298096447416,-0.49044781756268313
2000-07-02,-3.4090679523772947,10.528744643125973,-0.3592367524544866,-0.6785964618522815
2000-07-03,-3.134269823425621,9.576047201801888,-0.14155713995081637,0.18929833740554658
2000-07-04,-3.3863050992166537,9.138460868043612,-1.2652093994660922,-0.4590164818967335
2000-07-05,-4.410633722465869,9.956434449559303,0.4983060562164512,0.8037540551322433
2000-07-06,-3.5631162523240225,10.033497174396944,0.4745679904011645,-0.23810268597108974
2000-07-07,-2.687505216489717,10.296970186085176,1.0505346030652567,-0.48494234147168774
2000-07-08,-2.080964462977808,10.645407189361578,1.7069558454567164,-0.5561138831485168
2000-07-09,-1.4673501045039874,11.615631624145635,2.030953586740001,-1.0487655274064855
2000-07-10,-0.7416908791837965,12.352503894700046,2.612534110296636,-0.7284405281500168
2000-07-11,-0.02280465204915061,11.869705260291305,2.474580551728827,-2.5516167765450195
2000-07-12,0.06700034201226114,11.306724770456913,2.534969393447806,-2.0388189217115325
2000-07-13,-0.10887322704049653,10.63302127284088,0.9203318695408973,-3.6869805669202433
2000-07-14,-0.4683381306217245,11.743698553790132,0.7781838395532211,-4.963469816593143
2000-07-15,-0.7920516797057351,12.397020366893836,1.7193521587612532,-5.1670946053945945
2000-07-16,-0.30724133138317355,11.959744450052884,1.7184363662698348,-5.557153778728477
2000-07-17,-1.5703260543270336,13.510930607204964,1.5470220786299917,-3.6837627183282837
2000-07-18,-2.171439920516918,13.956458255374296,1.1386161409044084,-2.9390030734395705
2000-07-19,-2.557327918375707,14.873054899558177,1.4817967643483558,-3.31386240779601
2000-07-20,-0.8002455783141877,14.74432170915177,1.4528300473710583,-3.158306277079951
2000-07-21,-1.0933988312815919,11.631807084110685,2.7084406533049297,-5.85588448338083
2000-07-22,-1.4236027187155067,11.090674934167344,3.184968646786734,-6.559372694980716
2000-07-23,-0.907835978958502,10.489672562066382,3.745295763202585,-7.208643015374982
2000-07-24,0.4201966141503366,9.535185649284742,3.492311559648855,-8.125302608523434
2000-07-25,-0.8330234112101087,7.340697641531369,4.875096526440229,-9.139280912378988
2000-07-26,-0.7802170237392121,6.785901722960757,0.8084958975706655,-8.027900736366721
2000-07-27,-1.5593085553148829,6.592316013917994,0.9882540628389614,-7.318270919970034
2000-07-28,-0.5738234923732594,7.547362605438355,-0.5579178007268882,-6.048918653479921
2000-07-29,1.3560657837516317,7.5229166212457494,-1.7500303261116588,-6.368332967156069
2000-07-30,0.710494870273349,6.620484396910296,-1.4688497687298536,-6.539733130786214
2000-07-31,2.5541267085754082,6.414682123056707,-1.6748497413472163,-6.911989816026804
2000-08-01,2.3325612380762926,6.979377260779392,-1.604779406740512,-7.712768133331792
2000-08-02,2.7719844632588466,6.91515084857514,-1.3538466137139287,-8.681347708946312
2000-08-03,3.4661424740286915,7.022337958641453,-2.515519790146055,-6.6224645236126145
2000-08-04,4.509686649117435,6.1755197598831675,-0.35030309367056134,-6.751330136465072
2000-08-05,5.522858336783269,5.7455657442797845,-0.17510055847492148,-5.656379537832628
2000-08-06,4.526805075272278,5.909593956252037,-1.4539732350886407,-6.474537626474508
2000-08-07,4.514881074944813,6.846239995333717,-1.201240710521627,-5.785265447541472
2000-08-08,6.016594711428023,5.727466403189282,-0.6795607483456202,-7.12247045751697
2000-08-09,5.231558743519152,6.550202159180653,-1.303428758198197,-6.740897658012013
2000-08-10,4.825633776836869,6.129785129727654,-1.1957201829839006,-7.470538013469223
2000-08-11,4.215285310963339,4.7707274879878065,0.20852773607359154,-9.199900004036206
2000-08-12,3.327368321708441,2.7709226214036202,1.2716558834027742,-8.076749280075854
2000-08-13,4.45011341350761,2.524417797908328,1.0688320088709649,-8.325854251140726
2000-08-14,4.542365301390347,3.39391557544015,0.18881925847913272,-8.8774014491616
2000-08-15,4.455951576170544,3.421609765056207,-0.021759528812207052,-8.510563861015397
2000-08-16,6.049394217972219,3.3759291465564765,-0.46629754489141273,-8.060774058535202
2000-08-17,6.760843935592801,4.690982485102597,1.1494922579839404,-7.612055252121797
2000-08-18,5.607424641706762,4.351235521394928,1.31656478953411,-7.644486360579825
2000-08-19,6.034605086812049,3.1060564944294886,3.1949563986995386,-7.166737927255716
2000-08-20,5.662975718150222,2.8273872995400287,0.79989075410414,-6.86310455064397
2000-08-21,7.355593649449063,2.884163800623905,-1.0413189963842573,-7.530849395257657
2000-08-22,9.688461577223984,5.257654947929934,-0.7305993189250906,-6.446240925733082
2000-08-23,9.618640919905715,5.071736186926541,-2.0907364199551335,-5.575153432537056
2000-08-24,9.346360517611561,3.798293062728706,-2.0788478549437883,-5.857868917333432
2000-08-25,8.823987693095926,4.362662968815968,-3.3170919051876053,-6.7329028660172305
2000-08-26,8.30645627261205,3.5831388988416526,-2.9524750890095346,-4.842413639904311
2000-08-27,9.102895200460392,2.701740074846987,-3.5483533934692257,-4.873653758767777
2000-08-28,9.857858605377023,4.426593274866983,-4.422284419955059,-6.66146644495779
2000-08-29,11.080298291700867,4.060094268588246,-4.710644310538147,-7.444197240798021
2000-08-30,11.095224665465976,3.627953174840878,-2.599131241630081,-8.229870901308416
2000-08-31,9.956695152479902,3.315314523228731,-3.706787808125296,-8.310050401685086
2000-09-01,7.719319440379697,4.468810511038482,-4.966372493700321,-11.491814989698376
2000-09-02,7.488275011071307,3.6679231824102407,-5.134931924634385,-11.628663351821977
2000-09-03,7.9344212575135105,2.9744663876108524,-6.481082558447715,-9.908108353064145
2000-09-04,8.997941408499054,3.602767159465621,-6.646470025615255,-10.829630707907295
2000-09-05,9.083331829454359,2.524769048784013,-6.120982405101318,-10.962503990567816
2000-09-06,9.010212476972576,2.2788332143739343,-6.694472665445002,-10.518855733695098
2000-09-07,8.686977310628498,0.6363232024922347,-6.018518486970104,-9.450828427976136
2000-09-08,8.043140529966974,2.0838840346144765,-6.3915753815543805,-10.01706299073676
2000-09-09,6.332193514147839,2.583095875525049,-7.638848826451648,-11.707537464102632
2000-09-10,6.167821351038437,2.4353207075022634,-6.570054701997464,-10.728515035918207
2000-09-11,6.453869134843948,2.854196979510812,-5.819996874721194,-10.089159899662597
2000-09-12,5.283514010972479,2.438129819908217,-5.171651340575021,-11.155306920783833
2000-09-13,4.344354044946218,3.8621442212377213,-2.828295351756997,-11.1237772624085
2000-09-14,5.558584721765901,4.602896829964919,-2.974026578038891,-10.656477673314422
2000-09-15,6.491710867605396,3.324259293353305,-2.4370684491097507,-9.566268088049208
2000-09-16,6.335806720894479,3.21589251152355,-2.6083663221853817,-11.072138884994525
2000-09-17,5.156098335851387,3.708473901263988,-3.3395574650367386,-9.943981546023716
2000-09-18,7.724334650956754,3.804439108491243,-2.7485654882909802,-8.006069104339714
2000-09-19,8.4277413429402,4.007446463103064,-2.7527433645094233,-7.3518335739689835
2000-09-20,9.668463976418591,4.037066969615361,-3.5563149931250657,-5.51041972662008
2000-09-21,10.840979919284743,4.24696189383479,-5.798967164172687,-6.472461431927094
2000-09-22,9.810330329467966,1.8112661051890058,-6.224277748547413,-7.01684884740199
2000-09-23,8.573903522709994,2.182561564199024,-6.591795843770602,-6.76395196770347
2000-09-24,8.566837510502408,2.7410871665882013,-7.211394459077546,-6.046354428114795
2000-09-25,8.525494396668968,3.1713404552170763,-6.450242930236439,-6.688697972865174
2000-09-26,8.97128200937506,2.2549988697792043,-6.385003359047862,-8.065885538616179
2000-09-27,8.35309112633258,2.6817901752027735,-5.215848664058038,-6.307909602348444
2000-09-28,7.822445030681718,1.7451447208268478,-5.075526542801249,-6.4061018519927515
2000-09-29,10.094561707730671,0.032518419487420624,-4.161596035201327,-7.47812536448242
2000-09-30,10.065629660474364,0.007106031430181018,-3.4914313910969215,-8.043365662593253
2000-10-01,10.756996193104332,-0.9257972137414814,-3.5978734151495306,-8.689091658299864
2000-10-02,10.90773075685914,-1.149474979290602,-3.038972579878095,-7.560925220940144
2000-10-03,10.029314289542148,-0.9881571429756111,-4.108070782168195,-8.523558628574301
2000-10-04,10.435593118453195,-0.17795230968189812,-2.5763828922050793,-7.325540838085708
2000-10-05,11.536737830075596,-2.3330694689609848,-1.8149851358078615,-8.504610308348578
2000-10-06,10.492046701477301,-1.8552732268568295,-3.773926790246446,-10.282760511358807
2000-10-07,10.452850917581799,-1.5726412928767766,-4.9799601188099745,-8.160164184150533
2000-10-08,8.352244398951902,-1.2223411746764614,-3.100290637009964,-7.242601992680365
2000-10-09,9.197142167772487,-0.012424247313002956,-3.716150862620153,-6.692806384354741
2000-10-10,8.808342607570117,0.08901283039536145,-2.2487075469501896,-6.115266683297027
2000-10-11,7.868187985146177,-0.06094862108972399,-2.1794983218020403,-5.174277119488447
2000-10-12,6.96317844076607,1.0649410322009993,-1.09305344488342,-4.960968111176604
2000-10-13,5.590597027123061,1.265701944806617,-1.0386160407743363,-5.423770246636082
2000-10-14,5.705819414473109,0.6172994085727112,-0.9840137494928507,-5.847039697440374
2000-10-15,6.032655677833535,-0.1833450636928775,-1.8541439906833663,-5.711982729574671
2000-10-16,5.7927130300580805,-0.5936523561610134,-1.0019898848031916,-4.395350076193106
2000-10-17,5.505823226177718,-0.28213488726514196,-1.967763793448197,-4.079569898901063
2000-10-18,5.448860136939974,-0.6493402620091675,-1.8015123209038373,-2.9845092677202754
2000-10-19,7.275350551360535,0.8337302945272149,-1.8667797933856942,-4.1500412425915405
2000-10-20,7.540119261663912,0.9752712864533601,-3.521134661603392,-5.713468179682023
2000-10-21,7.368902108723338,1.2301620213422304,-3.3974379844718303,-6.143005030085063
2000-10-22,6.764749445657293,0.02968202848944257,-3.1089260048086222,-6.266614243538519
2000-10-23,5.65490699290305,0.9852718785299005,-4.5972171820315975,-5.384657045037464
2000-10-24,6.553328680710643,0.42430275843812715,-4.524137748786992,-4.824321842786905
2000-10-25,6.16134570258862,0.447025883677971,-4.441648744280878,-7.202370702150743
2000-10-26,7.1132392042567,-1.3013758776284567,-4.205004438681288,-7.17664191976754
2000-10-27,5.794776357402964,-2.597752425739093,-4.9591540365983775,-6.184235387641052
2000-10-28,6.408993202419016,-2.876623320266003,-4.935501749449635,-5.13187575417476
2000-10-29,7.741756098489347,-3.5796628273367035,-5.01061347357444,-7.3726842031514925
2000-10-30,7.528123202607632,-4.0219569815207,-5.850353240755902,-6.316065275007008
2000-10-31,8.339031174194037,-6.161765131353519,-6.845074325416961,-6.449290218914867
2000-11-01,8.55453146707912,-7.425292846537077,-7.6423172986231265,-6.021820545700005
2000-11-02,7.904029801323256,-6.630925240975748,-6.636709941404922,-7.261160691976488
2000-11-03,8.328015957475484,-6.181634688712892,-6.451295461511208,-7.874422629700101
2000-11-04,7.860552108425048,-6.289218289670295,-8.289192045267155,-6.890871198216766
2000-11-05,7.246108381569309,-6.534819825516633,-7.544292398286844,-6.022101706630741
2000-11-06,7.246663216181516,-7.125771176048688,-6.181769911946665,-5.437744097335002
2000-11-07,7.650527213877751,-7.281020373399794,-5.4526549118839185,-5.640293651374595
2000-11-08,7.739406112259899,-5.560167304843797,-6.152053625641106,-6.3085301597497905
2000-11-09,8.305506801985175,-6.085254014333839,-5.801923171115384,-6.070835568277729
2000-11-10,8.575131270433081,-8.440352383438096,-5.898608263718447,-6.324113254199717
2000-11-11,8.130532141959215,-9.3220605424339,-5.167813592466717,-5.652461234211758
2000-11-12,8.214175166767019,-9.178312756147037,-6.336580545004874,-7.554619908964886
2000-11-13,8.660036782915185,-8.711613033804287,-7.544818434633818,-7.172992834732312
2000-11-14,7.844636391207077,-10.49361990619948,-7.60417677324002,-7.604516933639599
2000-11-15,6.807942510592141,-10.128002031049599,-8.468522788226837,-6.282431873296981
2000-11-16,7.829494304131543,-10.078883459814369,-7.394425850623039,-5.09763351772888
2000-11-17,7.698361211105584,-9.58851725377999,-6.914191628290435,-4.874405523792894
2000-11-18,8.188948484133144,-8.519612197488794,-7.130218342531576,-4.4337367834627806
2000-11-19,9.673576599049062,-10.424259325682945,-6.9330095200998265,-4.737477593675663
2000-11-20,9.305683035935386,-11.768547251468137,-7.52980232779579,-4.494562672689995
2000-11-21,7.895733219439817,-10.803212518317943,-6.54310080163018,-3.481226722776154
2000-11-22,5.62380590031337,-10.602596251380048,-4.165093540512647,-4.557151176801397
2000-11-23,5.475429193731706,-9.292756661594826,-4.547588325570542,-4.104716508650394
2000-11-24,6.158423668248873,-6.877470905986954,-4.547679133800352,-5.486642475926391
2000-11-25,7.191427711260857,-8.087898078286761,-3.247082661034378,-5.48935420904515
2000-11-26,8.200746456471528,-7.460062664965062,-3.528925983433556,-6.2255351665738345
2000-11-27,9.552152244856881,-8.322964160883933,-1.4043451518076875,-4.978201060148923
2000-11-28,9.198823787529516,-9.809150686661635,0.2990561697463121,-4.63913073553859
2000-11-29,9.019113696521783,-9.008453456620085,-1.172276912006605,-4.230249104802975
2000-11-30,9.659234051100112,-8.201463219593052,-0.20085187702974983,-6.156280897818067
2000-12-01,8.7592976913317,-6.747421070843486,-1.3403534063150342,-5.694636511943985
2000-12-02,8.737032897561214,-6.9526596848220334,-0.19394979745252683,-4.370666285248831
2000-12-03,8.671899186011137,-6.288167060916821,1.3338451044242832,-5.619626441530966
2000-12-04,10.62692017409727,-6.052562560311046,2.131082823906433,-5.542931303876443
2000-12-05,11.940731961287963,-5.776178610229067,1.7402955229803143,-4.9259606887545075
2000-12-06,12.17468996827742,-5.307984244224064,0.6314550705563944,-4.137442984230306
2000-12-07,12.832474603613196,-4.873153470947429,0.8023282469397832,-2.640826477239373
2000-12-08,10.814678494243966,-5.240431964362786,0.08603327304614627,-3.872585968693582
2000-12-09,11.14013640811464,-5.81961020395865,1.0321856939830325,-3.1257294833796836
2000-12-10,10.498707202730465,-5.3685516948403835,1.116177210849078,-4.469498370873182
2000-12-11,10.383292560227659,-5.761177715957408,2.142163807887341,-4.401072051339076
2000-12-12,12.658433549314566,-3.6213429554716017,2.573752990617318,-4.791759402378921
2000-12-13,11.611917905088092,-4.261559156102249,1.1092561997986479,-4.325179356690199
2000-12-14,11.681215591014286,-2.946449031805739,0.41782894610088206,-5.347806462626324
2000-12-15,9.716376067588754,-2.2017183941713063,0.4008046322386815,-5.479374898474766
2000-12-16,9.716028590976304,-2.2069817493362622,-0.16414002857906912,-7.817376522055914
2000-12-17,9.488689132832938,-1.1826112512301763,-0.6020340756834983,-6.548934219463499
2000-12-18,10.651520222752472,0.006179326618428238,0.27462756758984763,-6.857210036490812
2000-12-19,9.630173404066442,-0.15567746859817094,-0.6867441132134122,-5.5513248485778135
2000-12-20,11.311042373804948,0.545271245098675,-0.03465791994841705,-7.7497955510830145
2000-12-21,11.868047486564517,-0.040191167279662654,0.9531462997827381,-6.93142066474374
2000-12-22,11.934231380872633,-1.7161367491380106,-0.15932558121048357,-6.263644100966318
2000-12-23,12.110714266515442,-0.5639780832396792,-1.1892803236367717,-4.725141016995231
2000-12-24,10.551593153983328,-1.3821640107476805,-1.5690865511805256,-4.106245013119873
2000-12-25,11.68933422167973,-0.6568072568878534,-3.2608217689330194,-3.9954955672225263
2000-12-26,12.46000095712092,-1.3260268412487188,-3.761598165446986,-5.897704538308227
2000-12-27,11.455342934767392,-2.23687427538559,-5.041341522477196,-5.824578505134553
2000-12-28,11.935716967899406,-2.0101124910337367,-4.940673291449546,-4.342226058050613
2000-12-29,11.466088462061764,-3.3041726569274013,-4.07400013602437,-3.587109236369318
2000-12-30,12.485259264338783,-2.8367719847111754,-4.34214381134554,-2.7202226121008155
2000-12-31,10.454943135595549,-3.6556703278682194,-3.3369873467776623,-2.2321026109603377
2001-01-01,12.37978102041469,-3.9405367177087167,-3.856353361640758,-3.435569322949304
2001-01-02,13.38627287899956,-6.2820915379979345,-4.7945062047951845,-4.362257868114216
2001-01-03,12.478707446982853,-6.151784383814957,-5.350947386331756,-4.372089557521129
2001-01-04,12.415987663474782,-5.454039697358052,-5.1982561184391205,-4.374585837673645
2001-01-05,11.585709246380924,-6.873840733296137,-4.878049446030511,-4.064426615531729
2001-01-06,12.120564393959196,-6.860500856562718,-4.469321621625687,-4.627635576019793
2001-01-07,12.006789654303288,-5.476247531017151,-4.5900524390902895,-4.114853333266844
2001-01-08,11.347809739944282,-4.7749808699016745,-4.44558394784019,-3.579573341469337
2001-01-09,11.395269660930332,-4.8631521048941195,-4.783988063917597,-3.7606144173643137
2001-01-10,12.124263441782027,-4.640398066525255,-4.753424935190436,-3.2182798471881666
2001-01-11,13.142821396688795,-5.069734439601774,-5.7853717474600295,-0.22453540622656742
2001-01-12,13.573770917493345,-4.421873350543869,-4.599282342506042,-1.3081401766627525
2001-01-13,15.348324507120187,-4.823411586279521,-5.489394631289886,-1.4182117331407311
2001-01-14,14.282864038039035,-6.294922616409986,-3.642295185047996,-2.0062964610383647
2001-01-15,15.18076574647342,-7.366540120954644,-4.436443762851651,-0.9043307973259751
2001-01-16,16.352519108542463,-7.615433697621578,-3.6692446913345673,-0.67267465885361
2001-01-17,14.6753057890185,-7.522984469993731,-4.830113936502551,-0.44263574009092316
2001-01-18,14.9268532139348,-8.058152800186003,-4.728380960442541,0.046422774534568556
2001-01-19,13.549644860699997,-7.479816435953389,-4.278239986675792,-0.1490753682707367
2001-01-20,12.216903955829078,-7.146245069115639,-4.115091018355904,0.7018872888808958
2001-01-21,12.273511943714224,-6.795366386417678,-5.543771142748955,0.8303532096411818
2001-01-22,11.703259239667153,-9.041077644096694,-6.497125004031317,1.106920152774125
2001-01-23,12.015757554654094,-9.595348285335366,-5.591033600627054,1.3679631156610044
2001-01-24,12.282964841859465,-8.96441772791583,-5.210259115185601,0.6820975872257031
2001-01-25,13.969876071889558,-9.17282725357813,-6.20469991744008,0.9498675619018073
2001-01-26,13.854243578644667,-9.098301099692666,-4.470935520718195,0.7212061021084917
2001-01-27,12.931520268707065,-6.978406480787417,-4.012105736555669,-1.4598210596157088
2001-01-28,14.596389873378135,-6.6828809564478,-5.0017305407896036,-1.890499087490447
2001-01-29,14.856845038899278,-7.052453585903107,-4.6123842406869375,-2.1006997762900395
2001-01-30,14.588858890989657,-6.816632981168985,-4.583163227695434,-1.2097699335076801
2001-01-31,13.432307145625842,-7.493068556918967,-4.467174206734781,-0.5475078672834357
2001-02-01,12.705212138131035,-8.207165553462202,-5.251273912239481,-0.34702921228043115
2001-02-02,13.126896466748432,-8.32077525525351,-5.504478663870589,0.6987468426374427
2001-02-03,12.05386369457629,-10.109041839927112,-4.572568406344601,0.28396956515733246
2001-02-04,10.658562503577306,-10.397467920904178,-5.154427304014609,-0.19989831257502205
2001-02-05,11.637337302899587,-10.168481604481478,-4.173829018975838,-0.1424083721021167
2001-02-06,10.861971682378343,-9.126077469972815,-4.723421987607059,-0.6051525681018598
2001-02-07,12.45315873160435,-10.056042408156046,-3.3727659078807237,-2.0704507288069105
2001-02-08,11.418242279639234,-9.928050733224273,-3.8312308355439226,-2.968665702830128
2001-02-09,11.447862001260194,-9.923506460265566,-4.625275539457203,-2.3485701042636364
2001-02-10,11.671500258939746,-9.10644104448996,-5.17187476139741,-2.504320758188353
2001-02-11,12.99805499095755,-8.317221698375326,-4.303404290747779,-1.5975278277127285
2001-02-12,13.786764331588508,-10.023959246199913,-4.932218692863563,0.2408614716773625
2001-02-13,12.414194545569183,-11.536258386215732,-4.589347370784895,-0.47256210463040105
2001-02-14,13.377567199562492,-12.002906288568107,-3.401534068668572,-0.08802487404848469
2001-02-15,13.49602844536573,-13.182054154558143,-4.035833601075824,1.5770817674036173
2001-02-16,13.921368271154808,-12.070029719190378,-1.6426147004941365,3.8572352866299986
2001-02-17,13.519710148767192,-11.733512367511997,-0.9520773357643184,3.7578361437242354
2001-02-18,13.02492044331705,-10.699377577796495,0.8951807140515231,4.146220683374072
2001-02-19,14.02894348576285,-11.607579904555632,2.0593108159417404,4.19155732345236
2001-02-20,14.004626867681361,-14.294137136792749,2.4342520425580076,4.487383708562021
2001-02-21,14.3155927825065,-13.304522906638436,4.084037307447572,5.285321172453291
2001-02-22,13.662090464008621,-12.959226893235702,3.351571862506088,4.572440776032714
2001-02-23,12.22418662344755,-13.032368123420623,4.739707586574094,4.718301144357296
2001-02-24,13.389015413141134,-12.974397547518294,3.7852377826320787,4.138270069610931
2001-02-25,13.896884387329088,-14.39179028951221,3.4871585581015534,4.919295821977423
2001-02-26,15.88823510182699,-13.847171064848379,4.995093639117951,3.5920589456158916
2001-02-27,15.197923988747524,-15.040447478197688,4.98753336559626,2.737500502767586
2001-02-28,16.524657128211874,-12.649798002324,5.523081091366951,6.369441045249058
2001-03-01,15.843396435131444,-11.91007171831004,4.808221798830354,8.656966228998739
2001-03-02,17.038217963907094,-11.753812291012128,3.850069373717192,8.577941509494051
2001-03-03,14.609388658300182,-11.1671404635337,3.782508645576056,8.943878211985535
2001-03-04,14.720945999938122,-10.59938305327012,4.568836997113443,8.916519621024
2001-03-05,13.931774808366416,-10.528349835924825,4.994142269746209,9.522161768756922
2001-03-06,13.463566752480157,-10.708120916929973,3.7232343107633454,9.011717938699073
2001-03-07,13.540577918619736,-10.479037785985243,3.8310571163188185,6.562571549222412
2001-03-08,14.258401733829825,-9.821829929559353,3.533349432045295,5.630864794802877
2001-03-09,14.306842891695528,-10.550003358521014,4.799150198966901,5.980999001105102
2001-03-10,15.043100797974684,-10.574410401883005,5.610039125725353,5.764637047229281
2001-03-11,13.509979620750284,-10.300726274784894,6.900531204800646,6.132446404311728
2001-03-12,12.938019096623362,-8.924410197722143,7.88752452550404,6.52242330245377
2001-03-13,14.385196076051278,-9.330667996768776,8.849624913064254,5.6387239833517455
2001-03-14,13.42725149147626,-9.098570695596615,6.927101690950234,4.504649857507994
2001-03-15,14.181751878029715,-10.266013882302518,7.1522391563284256,4.692214268415861
2001-03-16,14.714432757351275,-10.340232900033064,8.597018542663049,5.211316440640035
2001-03-17,15.326988243024726,-10.56687616891714,8.88157074059149,3.9498070624254975
2001-03-18,16.221811308654615,-9.873046368494263,9.019081675384994,3.920223802288454
2001-03-19,15.788994319629268,-11.593804222524696,7.825001707989814,4.595005648332393
2001-03-20,15.329277641703598,-12.352540972355937,6.7397520457058615,4.699773489051522
2001-03-21,14.852204061311648,-11.763127326434427,5.905363817546295,4.2639969719770665
2001-03-22,14.404270251239385,-12.545914681525911,6.220976411602152,3.5958350995618114
2001-03-23,13.463150899887449,-12.461866949952956,4.564043819602533,3.8657447877599607
2001-03-24,13.734082487540139,-12.848858670305358,5.3207117167031965,4.481894193635579
2001-03-25,13.7450809502367,-13.219073496453689,6.7735325864723945,4.205517838224163
2001-03-26,11.514725933881369,-13.614267243519391,6.9915735735602595,5.48448891713374
2001-03-27,12.110151386275746,-11.944467092953717,7.630215323618957,6.05994360484017
2001-03-28,11.840190238610909,-11.023389168722085,7.474970674033096,6.51011604774864
2001-03-29,12.119535531630657,-11.88112540325628,7.181155148677034,7.797051404534157
2001-03-30,10.802375987521245,-13.804198037597203,7.65666340082892,7.440420418829463
2001-03-31,8.763910130536729,-13.057057126829019,6.294298393052829,8.267622034780466
2001-04-01,8.176419184926562,-13.305969513646657,7.3541071806314235,6.915461926310824
2001-04-02,8.465804978989121,-13.593274984268225,8.173853242995532,6.751153474445651
2001-04-03,9.823776656867782,-12.513628535218558,8.351368543427064,7.463115356610369
2001-04-04,9.041872207537494,-12.853670849184724,9.988561695085163,7.310792161404555
2001-04-05,8.568137910167149,-12.83455437060452,9.372098974077124,7.006052366159193
2001-04-06,7.724012251231857,-12.542857026724288,7.962964653180568,6.530529967446805
2001-04-07,7.877212696160286,-12.26191276748403,7.8708519508193096,7.291907726616995
2001-04-08,8.612043143178804,-11.364469971829594,9.453241731324095,7.66362347557539
2001-04-09,7.9989856634823235,-10.664557518998322,9.996990400133555,7.399824462627811
2001-04-10,7.790820635903083,-10.36994802715655,9.934604709026987,8.551968175871387
2001-04-11,8.252106045024526,-10.802445808133875,8.75457867974845,10.645175870108176
2001-04-12,7.394368679081309,-11.783262709095977,9.630162114223472,9.452912577564065
2001-04-13,6.287061045037502,-13.41165592715947,7.284317394500786,8.74871767663063
2001-04-14,7.479125265904593,-13.874630516202195,5.706838489169964,7.998035754227548
2001-04-15,5.522287201783304,-14.956801035126734,5.82095134295459,8.398805965592778
2001-04-16,6.337439893045143,-12.888465620239764,5.0776967231363095,8.951381483482347
2001-04-17,7.3723518690784084,-12.184205853335003,4.716111698313184,9.415173206467475
2001-04-18,6.235046237531661,-11.541327963189413,5.78427596414341,8.434272014329027
2001-04-19,7.618171211719412,-12.060810043323684,5.973885924485753,9.29242214155678
2001-04-20,6.803530420417004,-12.351015330244302,5.598301634838112,9.265942414400355
2001-04-21,8.60465490479044,-12.350568430804666,5.567434104784679,9.033194074838697
2001-04-22,8.63119427629578,-12.778739225071833,6.106180140475612,8.614558600308582
2001-04-23,6.441693348579236,-12.248150442390239,7.424696950149885,9.351745770079994
2001-04-24,6.5562635820875705,-13.891285934916507,6.147859645180357,10.503805845933396
2001-04-25,6.430338086112107,-15.018449176975457,6.499331651800221,12.017449524164487
2001-04-26,5.377189758940924,-16.982521196911875,7.800271036949475,12.275592866496796
2001-04-27,5.778394894490591,-15.605428737450204,7.889949581906031,12.192175057871228
2001-04-28,4.934617891880774,-16.734784787623422,7.792578423810357,11.642474241824313
2001-04-29,4.301111009055789,-16.49728678633164,6.6076251450474475,10.897771646820036
2001-04-30,3.472827666221076,-17.499327515711613,5.595956196630906,11.162263897653395
2001-05-01,4.09362241444918,-17.54746123899499,5.7868271207639586,11.864637577352761
2001-05-02,3.5921822701925024,-18.431547786256154,5.988560603928475,11.503553195479565
2001-05-03,5.375185542789242,-18.781585015249654,5.995013495150916,11.618522553773083
2001-05-04,6.5519885378668,-19.06518122426524,5.886012932730377,10.523454281265096
2001-05-05,7.344325972224131,-20.27999075517863,5.8654566448371686,8.81478085414296
2001-05-06,8.61263869648735,-20.25479734306813,5.911362002432014,9.123524188303284
2001-05-07,7.814479335578347,-20.24661392947317,6.983631156863438,8.566521526029291
2001-05-08,8.21433272071347,-21.752316212759773,8.611992665071693,7.940237616372203
2001-05-09,7.491170637766787,-21.837367493308502,8.332383930798525,8.029975749790946
2001-05-10,9.124008830426948,-22.30417244200884,8.211039798217326,7.653561503338483
2001-05-11,7.841445515548071,-20.51928018664996,7.851109012446569,7.491774746604691
2001-05-12,8.561409478502119,-21.079062187457556,8.151916695743202,7.626004740787286
2001-05-13,7.549233268909329,-20.251158893538694,9.375877934584633,7.172533660969233
2001-05-14,8.395058097662968,-20.439479066025168,10.916152260995366,6.772663426116474
2001-05-15,8.354150561840548,-18.95573525341492,9.401470325780048,5.772670868648516
2001-05-16,6.899779845375121,-20.555373912417092,9.119735184402456,5.3424735803773435
2001-05-17,6.722931499429267,-21.264929792793453,9.821939628961466,5.540213132653819
2001-05-18,7.807318237264857,-21.968643705017794,10.17847685458247,6.128012230230415
2001-05-19,8.479366392886526,-23.110456283208098,10.952545752570387,7.194501380012986
2001-05-20,8.152025141945222,-21.183336626232354,11.006784570868959,7.202034184272265
2001-05-21,10.167858292993735,-22.37250814615965,12.795674403533614,6.609937753299613
2001-05-22,10.015744529786039,-23.77543577802502,12.772476459048137,6.660630255778381
2001-05-23,10.73236067901987,-23.744783258182984,12.126756439513466,7.356028067953214
2001-05-24,11.618090262186843,-22.852051799725892,11.354674554033192,9.005227030585234
2001-05-25,11.223332402642047,-21.73299282569001,11.499012043024882,9.028407041667572
2001-05-26,12.31866075464543,-21.514230030598675,11.756697897011515,8.831834057940778
2001-05-27,13.081238275169847,-21.729129359002673,12.972739172023099,10.46364645450096
2001-05-28,14.194295923884711,-23.121003110538254,12.649908611765024,11.059228056836844
2001-05-29,13.129028798301551,-23.760648829249604,11.089622534247454,9.909081214265138
2001-05-30,14.489162829386435,-25.478676643214722,11.466228475643693,9.737741135569557
2001-05-31,12.90964644841499,-25.318742310063197,11.950160757363498,9.520674229505245
2001-06-01,14.329183397510048,-24.124923978230893,11.849503108580896,8.696164338412576
2001-06-02,14.5892012289752,-23.449296657759906,11.018804633874552,8.450401508826879
2001-06-03,16.01528254545834,-22.507402831272863,9.943255423658576,7.120992671545647
2001-06-04,15.971366451344034,-22.26931022146366,9.55777354454893,7.949384053914425
2001-06-05,15.564328641809295,-22.817607464689484,10.476036502558884,8.339896038601992
2001-06-06,15.336697203982451,-23.79099984485046,10.56857298763517,8.309704367712868
2001-06-07,14.255190537082765,-24.39006408557489,10.186621665743182,7.4719451671788235
2001-06-08,14.481734628938261,-23.59379306649566,11.061385328675177,7.546561962111223
2001-06-09,12.883345909297459,-22.878331480251358,10.294310128952189,6.217580966784148
2001-06-10,12.590687863304955,-21.166375852859616,10.895920202847648,6.280312177531032
2001-06-11,14.61052370043503,-20.340832366047273,12.449695677278187,6.770817889817651
2001-06-12,14.544179603493534,-19.881917094125626,12.019402246909706,8.601380279781349
2001-06-13,13.82168780423172,-20.320331274943623,11.059654380299953,7.995444533519243
2001-06-14,13.154467696781747,-20.62858262745773,11.9534513464357,8.531743647594455
2001-06-15,12.575522194557516,-19.6287624871917,13.085120358318365,12.63895194497301
2001-06-16,10.867656803204481,-19.613682533080443,13.626427526610403,12.903984426018098
2001-06-17,10.93684235048248,-20.009831677005774,12.02770993588101,12.211414626235175
2001-06-18,11.95343396683638,-19.632547189687777,10.581123268910721,12.197644084278078
2001-06-19,14.117565186516085,-21.5102766717854,11.163181615286533,11.936640117678634
2001-06-20,14.974033660909377,-22.942866612175237,11.381260974707882,11.35995430487757
2001-06-21,15.559762874566747,-24.74914378053745,11.18112579628509,10.906080269973618
2001-06-22,16.06430899542021,-23.280199479789786,10.94017254128541,12.597250081678597
2001-06-23,15.131696071372653,-22.373522146021294,11.157141698338258,13.720320444321752
2001-06-24,15.161691287895245,-23.441457172400796,10.99431552139798,16.100359804808825
2001-06-25,15.251884070973471,-21.46464989143694,11.106216418109693,15.452889001779567
2001-06-26,15.738221669329153,-20.59274307298162,9.093440899313979,14.728736842907962
2001-06-27,16.070178548743222,-22.18472757682152,9.286274402665512,13.653693489988502
2001-06-28,16.665811262597554,-23.130537454027277,8.02656345410741,13.359296149193746
2001-06-29,17.35886917643321,-23.309896419653395,9.7380649892534,12.029705425657163
2001-06-30,17.303829611819552,-23.715436505314948,9.907386962469843,11.40566446732673
2001-07-01,18.158922252977142,-24.272823413142184,8.23643795884362,13.194014574181004
2001-07-02,19.533234288158273,-23.873363061567588,6.625274099738676,12.462720188352137
2001-07-03,19.737106445424097,-22.75518015387081,5.904100708247446,11.381912758755007
2001-07-04,18.724459813989615,-21.938625585405337,6.827587959740369,11.361585951275861
2001-07-05,18.90711042044987,-20.186364280756415,8.087568751220537,10.300077780335627
2001-07-06,17.994180092209373,-19.12300708307535,7.353605274584934,10.073103432031306
2001-07-07,19.903146095843322,-18.02224584036511,8.280015946420784,9.364774229268953
2001-07-08,21.055122257709666,-17.610796010734706,8.760743561839874,7.329175179223673
2001-07-09,21.866757850367993,-18.66619360186287,8.172192630024377,7.025618823964147
2001-07-10,20.356695345004123,-19.348561864071865,8.442150206358189,7.322250585591686
2001-07-11,20.870631284016284,-19.48141677846833,8.119148447122797,9.123113951974911
2001-07-12,21.253159251624663,-19.83183405274906,5.6807288430016385,9.602331297836084
2001-07-13,19.922420402913136,-19.655745928018394,2.653637533007942,9.509083762519223
2001-07-14,17.925498536226787,-18.779558665255202,2.6201513456630527,7.9305486642424325
2001-07-15,15.763346118749158,-19.675855367262496,2.630950676420975,7.98233981265988
2001-07-16,15.72220454337135,-19.186105387878527,3.8153779922734246,6.396888435269381
2001-07-17,15.320824900306997,-18.54053017502871,3.0052352765621455,5.30828821597965
2001-07-18,13.069307008071943,-18.050616334222262,4.022981237462301,8.024624789397121
2001-07-19,11.271686157785233,-17.248375309707452,3.401115332963781,8.419370052458426
2001-07-20,9.960356036666763,-18.349182036817165,4.108270425497596,8.227415773813114
2001-07-21,9.851780624584265,-18.424753493668007,5.1390368765537,10.287852934154545
2001-07-22,10.619162594616347,-18.891230941785135,4.996156727591679,11.621163983763017
2001-07-23,9.215131840794122,-19.363443478730638,4.928728678792064,12.889894553473518
2001-07-24,10.900561540519783,-18.9990303968745,4.594995931017651,12.522220322882813
2001-07-25,9.82248740387694,-19.717487774572547,3.8149124936746843,12.476967287251533
2001-07-26,9.205681412698723,-17.31821484754802,3.9543592320824943,12.534394144125027
2001-07-27,10.751111916922383,-19.04529222095994,5.735667356616116,14.234691842273442
2001-07-28,9.343309923112878,-19.19100392009278,5.367483004156197,12.47655837074965
2001-07-29,8.612998740341956,-18.827143474250978,2.251575932910337,12.835926663721642
2001-07-30,11.27939867264447,-17.544982662493926,1.6877764042714505,12.243843178969502
2001-07-31,10.918249206848905,-15.760710423254102,2.205685879678349,13.911625508116968
2001-08-01,11.598945070287435,-15.503436491295654,2.493614918653715,12.769784849594805
2001-08-02,9.971382281863098,-14.919293959171588,2.532744641647431,12.149630591363366
2001-08-03,10.384574074132846,-14.525037390053761,1.9710497468091013,12.744087223466778
2001-08-04,10.37154366959995,-14.056722576211069,-0.5261535863377282,10.46043431607823
2001-08-05,11.371518899088038,-14.467390482936224,-1.4102646131823642,10.187041200009006
2001-08-06,11.434333514222534,-15.993511680771991,-0.963200291100031,10.766627859230027
2001-08-07,11.456427431742751,-14.986688593784368,0.0013918422080504422,10.04979183473035
2001-08-08,11.93812978610472,-14.78555637840894,-1.8272015953224887,11.190971467910302
2001-08-09,13.18748762849908,-14.27134357340935,-2.4507572619490103,11.732447223769249
2001-08-10,13.658926691258749,-15.09942520726581,-2.8174941111821825,11.18500412725146
2001-08-11,12.631061265168304,-14.750657525508402,-4.283088830714933,10.820557666367083
2001-08-12,12.32301691215269,-15.799674264358183,-3.285961806229583,11.937267426220956
2001-08-13,12.326242134277795,-13.943895734771926,-1.5627046364507062,11.119160901552418
2001-08-14,12.618190936187963,-12.09982443072908,-0.5584108827952898,11.115933593760456
2001-08-15,12.197304499263792,-11.882577018569657,-0.1544565826219435,10.31802922201009
2001-08-16,12.754445784847212,-12.163063597436102,-2.429059839097299,8.454111264823768
2001-08-17,12.127523340260474,-13.103032032125142,-1.7056404989191096,8.27223621371669
2001-08-18,12.576402709547278,-11.816338465510293,0.6300016025677075,7.787711443182614
2001-08-19,14.092159697076426,-11.081714441731455,0.6673776333318316,8.48948328087917
2001-08-20,15.06989177283413,-10.879104499462777,1.268881996471269,9.100122246057884
2001-08-21,14.708761206919187,-15.112880316608937,1.1261371604712624,8.163850594869475
2001-08-22,12.679649986444762,-15.032022833276194,1.9712184106919608,8.158167039623319
2001-08-23,13.112847062714426,-13.072638875205135,3.0755500045328548,8.412897842376676
2001-08-24,12.88035904498376,-13.198182025282104,3.016456327948435,7.97288725172954
2001-08-25,12.8809076211581,-14.548435188750556,2.563186582616558,8.08078607121851
2001-08-26,11.75508230592154,-14.70061821048698,2.572359517407907,9.085894230376807
2001-08-27,11.64264096865199,-13.905513685995889,3.273710311738266,8.94451268303549
2001-08-28,12.274341654653071,-12.48453868497745,3.0472268551093387,8.991439784607666
2001-08-29,11.567530505536157,-15.161079807888866,2.4329356794655093,8.185865681806916
2001-08-30,12.322529655866369,-14.479714100866518,2.7160287027482592,7.22580956192885
2001-08-31,12.873512227987476,-13.943179323625438,1.8026716684472208,7.952033121385664
2001-09-01,12.346988437641446,-13.685677255887217,2.418873054582408,8.945162984695216
2001-09-02,11.186175101059147,-14.959750263648376,1.6494619787142872,9.210271935127317
2001-09-03,11.60239448528459,-17.39879369239292,0.6255216043953062,9.594815500366723
2001-09-04,11.945362845878941,-16.97371684098948,0.903485861572995,9.456371443532378
2001-09-05,12.851888389886764,-16.613364649986277,0.5484609656129783,12.140948232319678
2001-09-06,13.37078322441168,-16.099108651309844,0.02386512060862056,12.060219191389645
2001-09-07,13.124256300331108,-15.32615721855988,-0.9917377726314694,12.491643819407585
2001-09-08,14.117517351329676,-13.124246755697724,0.47640571253194197,12.720792941608066
2001-09-09,14.768911466117553,-13.889694723447509,-1.0297272259023815,12.503452757884672
2001-09-10,13.95683299956516,-14.27921331683078,-1.0524401828611702,12.443549996421714
2001-09-11,13.552074227712646,-15.8939425088123,-1.824665769455125,13.237307869688955
2001-09-12,13.574245019599998,-16.45818514090452,-3.567241740203449,12.702773562591814
2001-09-13,12.038024290706666,-15.234379287290231,-4.703416746106286,12.300523803941141
2001-09-14,13.876412971020528,-16.30304125371366,-4.313288361153007,12.937724218320406
2001-09-15,15.241524372559615,-17.2902271178922,-4.792263729031356,14.29399965237728
2001-09-16,15.70988261814347,-16.080479333736164,-5.848247312686298,13.560514987635994
2001-09-17,15.459511640228454,-15.941147568054484,-4.151169402795801,14.774012039473488
2001-09-18,14.176725844020991,-16.25861165755049,-4.7278460446065065,13.195072716555218
2001-09-19,15.074428678366619,-17.552498476067193,-4.519388429988178,12.512882146530615
2001-09-20,16.313683334572865,-18.13961311481802,-3.8679490331776463,11.104816392157295
2001-09-21,17.70281478796632,-18.991382153732587,-4.252962771760944,10.280426795277524
2001-09-22,17.314479902701017,-17.659392690430884,-5.419628605153162,11.080911131565063
2001-09-23,16.632179097617474,-18.243566992876303,-4.551783482063717,13.284126471923432
2001-09-24,16.391053351541316,-18.63504683691484,-4.349477177101616,13.47888704558644
2001-09-25,14.023546979452771,-18.675811062263566,-5.115944818172701,14.467029132010413
2001-09-26,13.035633559082129,-17.396165622516694,-6.531172977338597,13.809666018110711
2001-09-27,12.046284915073132,-17.68120814058115,-7.182363962757213,13.95799567783142
2001-09-28,10.922819804583158,-17.64369994211628,-5.863602450047395,13.721159749399687
2001-09-29,10.717138636699778,-17.187583851975972,-6.225690630624171,13.53735798318204
2001-09-30,11.475305827547809,-17.615657784627597,-6.99171351982027,14.389993620945086
2001-10-01,12.154679935507826,-17.289512480005364,-5.734330667095145,15.59291775271619
2001-10-02,12.042642936412381,-15.838159147083697,-6.997716985832129,16.75133776403824
2001-10-03,11.181465584879899,-16.884797808240155,-5.646178001022197,16.97281428348415
2001-10-04,11.722693210579752,-15.632228408219223,-5.746364914780285,17.363388255333664
2001-10-05,12.627070301447645,-15.621799446541809,-5.364997007812166,17.499496639462766
2001-10-06,13.973282049738238,-17.55714834754561,-5.209894184302561,19.124408947353714
2001-10-07,14.448547860632853,-17.727393251634037,-5.678692658310107,20.04202237504822
2001-10-08,14.997213372277029,-17.654901360907505,-7.039562801024584,20.662790928171837
2001-10-09,14.551851797391294,-17.27320379153361,-6.388359770598526,19.15704016944507
2001-10-10,15.218664273047382,-16.821843818941318,-5.6664985908161665,18.25563457339471
2001-10-11,15.349501124038834,-16.241616619292547,-7.658616820908393,19.277798789496263
2001-10-12,14.944482323799537,-16.09670725860578,-8.271087788838061,19.476720681458573
2001-10-13,15.34893326812302,-17.49324630523108,-9.22575964505735,18.58463947872452
2001-10-14,15.640916140315197,-16.48051613266078,-9.995442907759001,18.887608079652477
2001-10-15,15.70737204634839,-15.467311870205583,-8.556665600510946,19.503237458925625
2001-10-16,16.126362008068803,-16.23063013179801,-8.220446495200894,17.98805628904777
2001-10-17,16.30785794855037,-16.569570574438156,-9.655771912210913,16.811033745901053
2001-10-18,14.632396843870879,-17.054093752258353,-10.260858733807229,15.711610451783297
2001-10-19,13.322070521172513,-18.346798518081208,-9.807467391447958,17.28754123619464
2001-10-20,12.979700004414592,-17.614963799560364,-10.314263850532143,18.319735307951063
2001-10-21,14.172882611820228,-18.209859425649498,-11.015581424162596,19.192915054987548
2001-10-22,14.770619753031102,-20.309007716764505,-11.644766401975122,20.35545634042737
2001-10-23,15.048069683136788,-20.41286813827178,-11.596994756384975,20.27170268384849
2001-10-24,15.477818555933224,-21.606245389532056,-11.41183893437262,19.513882456340088
2001-10-25,15.592493119401007,-19.99118041169648,-12.511501500671487,18.059731547078275
2001-10-26,15.13057688459739,-18.844519030487398,-13.208565727134435,17.575733263673133
2001-10-27,13.119257747647346,-19.231955426209865,-11.158288090783325,17.804253610230973
2001-10-28,12.01621939161498,-19.037693148810515,-9.618578450124174,18.096371826609435
2001-10-29,12.754150046504956,-18.46161827021024,-9.237326092175897,18.06526229539498
2001-10-30,12.03547481438606,-18.41582941390527,-7.818769089824709,16.909204766315533
2001-10-31,11.36694388422594,-17.37631940914611,-7.723711857681371,15.351111556223323
2001-11-01,10.73088140162252,-16.34207293653129,-7.612567416944243,16.22165746164792
2001-11-02,11.385441227909759,-14.02137316767804,-8.688783155700166,15.710005182243476
2001-11-03,9.855149005611455,-14.470268632449462,-9.486348800420354,14.769085316792193
2001-11-04,9.191738685351735,-12.124664115709546,-8.661725847670517,15.492536435486626
2001-11-05,9.528631626126852,-14.045710513218978,-7.143317924549791,12.003437106703275
2001-11-06,9.962237781432993,-13.344765736278337,-7.519262777106061,13.082985593666013
2001-11-07,11.768230298125214,-12.655915091658246,-7.0051879459585935,13.84761479009229
2001-11-08,11.815217309101776,-12.526474959774804,-7.8890232702714425,15.046677832566889
2001-11-09,12.89213730094641,-14.038712844640497,-7.245736617529699,14.400595892730792
2001-11-10,12.374024532901862,-13.263187482936976,-8.586543527680982,14.427253907059946
2001-11-11,12.976819487825189,-12.192865648219207,-6.1583131136776945,15.099254591688833
2001-11-12,11.97875634733104,-10.063327779371765,-6.908325747322082,15.846441029051249
2001-11-13,9.003549858033592,-9.195015869374766,-7.075960832910427,14.481781619112398
2001-11-14,8.34269124079714,-9.406421203453053,-9.18011961952951,15.47427334308746
2001-11-15,7.86842704503972,-8.333004354653555,-9.84694765690551,16.384827656136114
2001-11-16,9.254965801698198,-8.72614331224022,-11.28513435267704,16.801140315924748
2001-11-17,7.437697602041899,-8.609320741403948,-12.76347292825753,16.512446067134036
2001-11-18,6.048076101276485,-7.224995754847758,-12.711733328038486,16.262440569594318
2001-11-19,3.767754637238018,-7.536392682357203,-9.970820226497429,14.759913151130956
2001-11-20,5.019098828507819,-8.158792359569578,-10.869655012570108,15.248325479790099
2001-11-21,3.3633347461508896,-7.546512308243307,-10.335558140969553,13.245770491282915
2001-11-22,3.5400211914411193,-6.586805845766742,-11.400500951432518,12.658577243349503
2001-11-23,4.5023341909332935,-7.343191509745651,-9.985746334915225,12.434933527113753
2001-11-24,5.733577341318984,-7.791047025209113,-10.846883151055096,11.531962866661914
2001-11-25,6.816225925165846,-6.876394026919215,-9.890057025830394,12.014886161801801
2001-11-26,5.971473340809836,-5.724334342493749,-10.373685789655177,11.953807429799795
2001-11-27,5.394448239052441,-6.319063170971745,-9.213667768353321,13.490089975820455
2001-11-28,6.080423619667045,-8.188756429072006,-8.331099632284085,12.002051342235498
2001-11-29,4.9891191330091385,-8.275096497727288,-9.145719840752205,13.705244450069213
2001-11-30,5.781103897265474,-10.057149545345546,-9.19052112318711,15.265769085930353
2001-12-01,6.117642203085015,-8.628113903288792,-7.576060163897922,15.892620028776628
2001-12-02,6.761677763227712,-8.336179639756118,-6.506370396555393,17.061247063821444
2001-12-03,7.421942744674219,-7.590441215007255,-6.571728399234718,17.108653168072262
2001-12-04,7.222354149982381,-7.537404274657285,-7.461688582080519,18.721272898464868
2001-12-05,6.226053394354254,-5.717353760887456,-7.186392646837293,19.00237275124345
2001-12-06,6.074113195772736,-6.368936784946462,-6.93840464604864,18.632954266155018
2001-12-07,5.970701352279171,-6.292628527982163,-7.038840799450164,16.65315841071893
2001-12-08,5.9418692252288565,-6.375354238194353,-8.602346425444747,15.383642045878462
2001-12-09,4.846191277908421,-5.577363090190546,-7.748043642714671,14.150745784219495
2001-12-10,5.882949272676648,-3.705284397638578,-6.885221515917981,15.78531624734727
2001-12-11,6.209914806084657,-4.809803187311857,-5.568269237322642,16.309046718782284
2001-12-12,5.556716218283962,-3.764577707995593,-5.190749257624093,16.014651867846123
2001-12-13,4.996275600371266,-3.445644156073297,-5.901239887824574,14.866285355592455
2001-12-14,3.3274474370119105,-2.777038467840742,-6.48226205106405,14.446649834501432
2001-12-15,1.45080430234457,-3.2161219361382276,-5.060143244467221,12.206029119640217
2001-12-16,1.3046766804495222,-5.013424454121873,-4.902520322648699,11.56020173780966
2001-12-17,1.96441933034618,-3.8873860037501764,-5.290267002073197,11.29327909096627
2001-12-18,2.4889450513169447,-3.5990892132187327,-6.05383174191502,10.804966642051742
2001-12-19,1.3204399552848738,-3.0634996416155458,-6.627849726984071,11.60392352718416
2001-12-20,2.5632048712489026,-2.5719235877097324,-6.078637984638741,11.46423426689308
2001-12-21,4.1333478474320176,-2.0787693976796637,-5.189006731295346,12.19920698889186
2001-12-22,6.853155527157507,-1.3938408563872362,-5.352903714740449,11.186889294807868
2001-12-23,4.952707103379591,-3.0761345066114134,-6.7958557026538555,11.488674872258285
2001-12-24,4.9876979308054015,-2.7269778004920555,-7.295664336897014,10.401498050462415
2001-12-25,5.023850894900441,-3.920898845705252,-7.916959991600717,9.723433703827567
2001-12-26,2.6318655675831635,-3.5625628361933495,-8.40456065775029,9.743083588065812
2001-12-27,2.755236688358736,-3.3408314933873715,-8.443896780798323,10.01129197784164
2001-12-28,2.331309022607737,-3.1442171223103905,-10.611907913353868,7.77928491629967
2001-12-29,2.4531937529304786,-3.8679979806912277,-8.826182102895665,7.57694223668262
2001-12-30,2.680773145748825,-3.0408903804209197,-9.188552738054014,7.7323461351689815
2001-12-31,2.0063125396294077,-4.578279830263105,-10.897264133996563,7.3100352568346345
2002-01-01,2.739085217120186,-4.173562772293627,-11.68859320796177,6.87375612447519
2002-01-02,2.1443378108990805,-4.665814905795287,-11.276809156448229,6.390655078415993
2002-01-03,2.0968425882071666,-5.4742359615763565,-11.74228104952275,5.130197091676955
2002-01-04,3.029414583918607,-5.242664574643107,-9.870839347897135,4.147892653723192
2002-01-05,6.161398993384656,-4.709262595068486,-7.618811500393322,4.141413737974378
2002-01-06,4.665303524977217,-4.574490862492504,-8.37494546254004,5.3936190569112705
2002-01-07,4.323045656027917,-2.7958577024408675,-7.593039282132406,5.69372327209562
2002-01-08,2.2333290900717917,-3.636779975054921,-7.0387547862374635,5.437757353357362
2002-01-09,1.4468095285381344,-3.4809968074639173,-7.482493217538304,6.17353781121702
2002-01-10,0.7005531268751315,-3.352977093744993,-8.610765818050648,6.633193498143385
2002-01-11,1.3409345030699777,-3.1152697154038775,-8.251583214907926,5.355686900772289
2002-01-12,1.8409534036659831,-3.8869400856068905,-8.501222526528005,6.0950562127212855
2002-01-13,2.146883889024295,-3.383348953404686,-7.547319780753668,5.022662183660614
2002-01-14,3.088149131808519,-4.0932070819274955,-6.645137499547612,4.327275268650215
2002-01-15,4.704194550485119,-2.7432109605615773,-7.914505553806288,7.102125935678452
2002-01-16,3.9246621893423823,-2.7211028321604322,-8.383716428328068,7.386853562860746
2002-01-17,2.2907276339944787,-1.515722904487678,-9.782049722904782,8.199125627395343
2002-01-18,2.4758803761166384,0.688784225425193,-9.20074937294934,7.437623458826596
2002-01-19,1.2503407176439993,0.5153299201722017,-9.962651937416235,8.307978230226317
2002-01-20,0.9914124834516505,-0.4315882933312992,-7.748730853649784,9.619607687966928
2002-01-21,1.3774808759982582,-0.08639611543539016,-6.624145657422265,9.58961513161363
2002-01-22,1.989589425277869,0.5720971755683252,-4.670143126593461,7.52863005537349
2002-01-23,1.401445280639586,1.7760973927054087,-6.230463202420454,7.366758545471253
2002-01-24,2.205509933409159,2.9949030175428444,-5.723520104057456,6.210705664954453
2002-01-25,3.0000417688471743,3.1820972478746405,-5.921228497053372,5.982999049396215
2002-01-26,5.188144741613254,4.386542749267353,-6.621235642425567,5.524184420849238
2002-01-27,4.845966086883158,5.270406693760988,-6.252823024322732,4.174233733328859
2002-01-28,2.800366782546907,5.43139858231637,-7.176690171386172,4.341724846010024
2002-01-29,2.9666734339973635,6.639100777444264,-7.693342875555909,5.266055832913706
2002-01-30,3.6045814195207146,7.305167534767428,-9.079519547411563,4.8766756176436905
2002-01-31,3.2365464562516113,7.14374770190746,-8.698349857567711,4.474387875425954
2002-02-01,4.47079658973046,8.555270068086463,-7.930948669970174,3.553017931258161
2002-02-02,3.139059937033057,8.56632710745542,-8.30552535567985,3.529018965618041
2002-02-03,3.7067125042247024,9.954609198203652,-9.292245279248398,4.421436768075505
2002-02-04,4.429536475183811,7.970652177207633,-8.824712256168656,4.999028993731032
2002-02-05,2.375705719154172,6.385246970155183,-8.411643566631383,4.878481657772898
2002-02-06,2.757196112871424,7.739494754531551,-8.21406725604149,3.477134797177273
2002-02-07,3.215793611806792,7.265782723665474,-7.862946759118738,3.0640502194330996
2002-02-08,3.993597237210229,6.687522409847055,-9.582941563229946,2.66388622383158
2002-02-09,5.131183198578313,6.422230995039663,-9.20922668963987,3.5811454395863733
2002-02-10,5.103837269594254,6.62725553816455,-9.14635849315323,5.001640235376479
2002-02-11,4.684912422121676,5.730973029851006,-9.27080032920402,5.910337075993079
2002-02-12,5.624897244730791,6.672062757321611,-7.542661423483894,5.523930502211735
2002-02-13,5.384868824983685,9.035922452157973,-8.114323426939269,5.403030783224812
2002-02-14,3.5137225871730378,8.456584937500558,-6.21967851810166,5.974974589668651
2002-02-15,4.954715371968635,8.237680742523592,-6.265277965500124,5.719868524634952
2002-02-16,5.379719519558956,7.625744559332956,-4.032553404279576,5.477562712859157
2002-02-17,4.034310349494342,8.626074716582712,-4.434257262164144,5.493156924677415
2002-02-18,5.441265974544317,8.121785575715975,-6.350272131695824,6.089661667919334
2002-02-19,2.8587413664920036,7.959265483195826,-6.478086628967148,5.387563497695088
2002-02-20,3.2383137452845765,10.192627307642496,-7.515864746459529,5.967722694260893
2002-02-21,2.584629610382951,10.145883502759586,-8.955219203469836,5.17854419971556
2002-02-22,2.3253502071007963,11.09829347534414,-9.060895088178189,4.837010876607213
2002-02-23,2.3298699880916653,10.784242280288936,-8.965461528623972,3.6953793246326385
2002-02-24,3.466532408570684,11.446839505955868,-7.930814454281995,4.1906447266555205
2002-02-25,2.9704749452904387,11.7679743476139,-9.240998839361168,2.5383229961277376
2002-02-26,2.6325499477274645,11.611775254157248,-7.04307276285204,2.1773814789811383
2002-02-27,3.1546138557196945,11.702841879724074,-8.289939384103496,0.29161278441987304
2002-02-28,2.566236141732919,11.834642525383629,-9.20476318488513,0.5754669702136854
2002-03-01,2.794991778531465,10.363799383304753,-9.633971589987107,2.2061301529863018
2002-03-02,2.0813776318290453,10.074226800731976,-11.882148778565496,1.0166788682519012
2002-03-03,1.257898269155893,9.196096783557502,-12.320933291283264,1.0355015983486375
2002-03-04,0.4114604479004008,7.7369235673977785,-12.265201196411487,1.5382325666689387
2002-03-05,0.7734429807394431,8.649957521763216,-13.561575926057515,0.8782670438026838
2002-03-06,1.4373654589674745,10.549810821112205,-12.87737950572779,2.059423266799139
2002-03-07,2.203496545530328,11.563241863368688,-13.817364261056559,2.0240626528979577
2002-03-08,1.865534334006516,9.628733729145706,-13.904256705561696,3.025768252107004
2002-03-09,3.5165824381326347,9.438259291219016,-13.20244575935045,3.1824959886011674
2002-03-10,3.7759339073380853,10.341433660913067,-12.795490897867065,0.5216771482348039
2002-03-11,3.8485366727012362,8.401464410657026,-13.505145451646667,-0.7035419280680497
2002-03-12,3.838103020341222,9.12326688404876,-13.232433544991792,-0.9963227464630001
2002-03-13,5.359874965647822,10.363989814311752,-11.646246283515104,-1.4669778900012764
2002-03-14,3.933325341092605,10.03809848396788,-10.23255495270682,-2.0546459850690706
2002-03-15,3.4649581680550527,11.133807049829493,-10.598584091800438,-2.9606552053969395
2002-03-16,4.078471001009576,9.599255085525943,-10.783617170744405,-4.24209137192412
2002-03-17,3.5072937283615415,10.861485441539426,-10.853450460113514,-3.673803899609678
2002-03-18,4.429850810320524,11.244651941364413,-11.930239422049105,-2.229857465851791
2002-03-19,4.876406109974385,11.660752618037284,-11.690781630339904,-3.066197795682484
2002-03-20,4.237932937636999,10.149362217013978,-10.764849633511846,-3.3130644130900113
2002-03-21,4.477076456390793,10.265884352742246,-11.143979656623792,-2.284831277883794
2002-03-22,3.9886567698116013,10.593997729115399,-10.17966409636338,-3.357835055694027
2002-03-23,3.656203857532084,9.833741395106347,-8.902818115627278,-1.9937060809593858
2002-03-24,4.910384942995368,9.638457910767254,-9.58189116854523,-2.3957833068961243
2002-03-25,4.061319871887786,9.06994984253638,-8.984774803325424,-1.2683353415545895
2002-03-26,4.977612187439531,8.52131309681961,-8.94435690343994,0.42413040262620005
2002-03-27,4.097979373445238,9.05458049169975,-8.441402388895586,-0.7729707513268864
2002-03-28,3.457271007318598,10.851528052232537,-9.38314067116178,-0.9367722324130066
2002-03-29,3.07884899040507,10.86308687220618,-8.619415057819278,-0.5357489184694264
2002-03-30,3.689253052264103,11.678446942160623,-7.28855659777712,0.11442680828727536
2002-03-31,3.0267580426837104,12.797569825748132,-8.335843877484574,-0.944504726223928
2002-04-01,4.3784457326605235,12.38358425452806,-7.095798329103462,-0.6478960568662315
2002-04-02,3.6980256237022564,12.712244305633986,-7.940924471390491,-0.09944404056418821
2002-04-03,4.649841028554974,14.003957482051769,-7.419654179353985,-0.41790181455729974
2002-04-04,5.668411064728815,13.664570457754172,-5.8451788074840145,-2.1781759853156997
2002-04-05,5.157885943130414,13.5449877023044,-7.3743742563319765,-3.010757087551571
2002-04-06,3.2667930589809746,13.316233604975054,-6.960773229673192,-3.9558989321212232
2002-04-07,2.961420797595112,12.679022179118448,-6.067184809291409,-2.562346177356456
2002-04-08,1.2824702354297035,12.727571449602229,-7.902681053903286,-3.2411622752030045
2002-04-09,1.6486240838503239,12.014421702207724,-9.65149476168017,-2.6947812910641877
2002-04-10,1.3714617705575327,11.34719449992634,-8.472729585378268,-1.308414057963232
2002-04-11,1.0859496934755692,11.809180364791034,-8.494621720530409,-2.717704617577785
2002-04-12,0.003963590289274732,12.549647285586508,-7.240414934310086,-4.832943947564744
2002-04-13,-1.3446277257289256,12.7643687822401,-8.99654562538054,-4.1484388712855855
2002-04-14,-2.1541116236217155,11.553663060271656,-9.352068016706834,-2.833858946097262
2002-04-15,-0.31986431868696696,12.184349086135883,-8.837094320383777,-2.0774679319000864
2002-04-16,-0.3172883547083692,11.359300750193173,-8.899679102767312,-2.2556008975028936
2002-04-17,-0.9644395682839728,9.741948463596877,-9.494582537427187,-0.9300705225799684
2002-04-18,-1.5073606229178935,9.350927100166583,-9.783011289493944,-0.7309195005844586
2002-04-19,-3.1014250618857453,9.195479448432945,-8.633320079358377,-1.8711161592685026
2002-04-20,-1.7512911326215879,9.304029101419298,-7.791043420838709,-2.978313155262975
2002-04-21,-0.17463433257581218,8.689836035145827,-5.618600294235893,-2.780623508513732
2002-04-22,-0.3152159880766316,7.3721234637706,-6.071847064677487,-2.3675754054079796
2002-04-23,0.15870431771081706,5.475207145830173,-6.449431671794111,-3.7012240870186712
2002-04-24,1.1464605351285069,6.3230702538628885,-7.153168457333841,-3.3831112034254556
2002-04-25,0.7538400443379005,5.452641728801769,-5.993994804620603,-3.8958569241216465
2002-04-26,0.23779903647584166,6.221933079686968,-5.368599912642564,-4.172972502145386
2002-04-27,0.4581443681085476,6.621214677290605,-6.224876950530744,-4.024279625377343
2002-04-28,0.20984533572977052,6.479405243029224,-5.687394761014442,-4.705014578000645
2002-04-29,2.03662588369217,4.945892774197841,-6.044322368665084,-4.259495377280789
2002-04-30,3.2799219608389256,3.965270627822632,-5.170213423825459,-4.266411587454098
2002-05-01,4.718511979801276,4.384981960940505,-5.586224884066883,-4.713954496681796
2002-05-02,4.296719879648521,4.993805016352614,-8.196571075377012,-5.128111047899911
2002-05-03,5.288544147172377,5.498330786207224,-7.986171799909711,-6.190090531914775
2002-05-04,5.269251648078036,6.415273639308583,-7.547646819609245,-8.10903044068803
2002-05-05,5.440944513404107,4.471964395821831,-7.759133033416704,-7.501563331097908
2002-05-06,4.256280838672783,4.971780252391144,-8.07553917317834,-6.723278732913728
2002-05-07,3.767121771649534,5.85035043264389,-8.755454827209139,-7.735479551164577
2002-05-08,5.64319876063078,6.123226496165283,-8.429865463161743,-6.135102468997988
2002-05-09,3.572870350962644,6.9445671013996035,-7.108989857214581,-5.799115377772916
2002-05-10,3.6073235580607514,6.598112979674435,-7.849918903905269,-5.881258876335733
2002-05-11,2.5078284303847083,7.60649579045893,-6.211760463555102,-6.373514845439368
2002-05-12,4.744581009755766,6.193960530310604,-5.94337829417165,-6.668506627254463
2002-05-13,4.738432956692723,6.404788820968935,-5.299131076728342,-6.109360811918458
2002-05-14,5.21037387108118,5.469951902699674,-4.775118467570566,-6.611619128122741
2002-05-15,4.810326514259655,5.219176559615238,-3.547051202470932,-8.393043801797852
2002-05-16,6.386724296115057,5.47271655400033,-4.17774549850477,-8.309017052655424
2002-05-17,6.094111910618086,6.49363478929654,-4.464980446680055,-8.409388537350242
2002-05-18,5.563789496873972,7.935423800784733,-4.885370914264224,-8.11608064443838
2002-05-19,6.273772437384668,8.761917768323844,-4.972430994902836,-7.954458421913135
2002-05-20,7.519389294928283,9.01361659308806,-4.5220359274126505,-7.877144655301579
2002-05-21,10.085296912200572,9.78174578395585,-4.684022588755786,-7.761061880077186
2002-05-22,9.415280859008819,10.29861329630177,-3.5066201502500034,-7.5658359787382246
2002-05-23,8.475658406048803,7.880531120778911,-2.6772483601916486,-6.349842254431177
2002-05-24,8.304394661989216,6.030273742408086,-4.881628824329014,-7.21010255289671
2002-05-25,8.471485670607322,5.330572145827526,-4.581741052376688,-5.0190705784227045
2002-05-26,7.597300156668404,5.323593714527919,-3.6415132939762573,-5.410676934952102
2002-05-27,7.335988386636693,6.923164033782086,-1.7992453558480614,-6.362496830175987
2002-05-28,8.378617338912084,6.308498791130379,-3.690608552434902,-5.398509796149114
2002-05-29,9.675402563498091,7.283748237313279,-5.051694162061823,-2.500703847088271
2002-05-30,10.091292352289358,5.808051347230659,-6.8884497366635005,-2.2844922282132507
2002-05-31,9.078095155458584,6.565076466904254,-8.29102760077838,-2.0209898713914
2002-06-01,9.662492190586944,5.978487092074992,-9.174470151659417,-3.1365896865678593
2002-06-02,9.776656462582931,5.614848975675112,-9.561909564026948,-2.916937649826913
2002-06-03,11.46386843168645,6.351371667924553,-10.579130968602419,-3.942013886339723
2002-06-04,11.229812458967091,4.847800275053094,-11.090644741036796,-3.00790468638866
2002-06-05,12.283288042755455,3.8888203151243284,-9.812652714827099,-3.450876760453359
2002-06-06,9.751618954083632,6.178224805847355,-9.553908577594532,-3.528669367472062
2002-06-07,9.807960802574549,5.169461299059922,-9.330735544047542,-2.5280304041776103
2002-06-08,9.690447196656581,4.178536613640419,-10.13382061240743,-3.2168014970450685
2002-06-09,9.175187397076737,5.265337690284704,-10.240770607806958,-3.657015871734174
2002-06-10,8.549923748013269,4.954349602015688,-8.703133888464867,-4.693919810063221
2002-06-11,9.843757687161345,3.5383508331200924,-9.387928509821865,-4.409328498437107
2002-06-12,9.760710004209667,3.540451264336494,-8.611434190018063,-3.6469757325426815
2002-06-13,10.594139519630648,3.3361670231805385,-7.655498419833665,-3.824657223727903
2002-06-14,8.705423908842539,3.2499214938600853,-8.880712541629766,-5.308073478178965
2002-06-15,7.490443335007795,2.8461511142041678,-7.602478406709399,-4.958963384007746
2002-06-16,6.955382906626956,4.060651466286077,-6.871838347815601,-4.743498768573619
2002-06-17,7.449786984445333,3.118718156978146,-5.536587504333309,-6.073578578615928
2002-06-18,7.0833470403120735,3.0393010000703335,-6.57099971114511,-5.2821211685811384
2002-06-19,8.181039942260467,2.3918405150908284,-8.008440753221697,-5.379042466541199
2002-06-20,7.411624531694201,1.8302870089465606,-6.4401425165809405,-5.704335559078398
2002-06-21,8.001924978612452,3.935457592023702,-6.411902854685921,-4.984633494747352
2002-06-22,7.278644249869847,3.6000121741663555,-5.731976632452162,-3.6854977614156965
2002-06-23,6.782856963396815,3.171216076412125,-6.1866110565019365,-2.618910993086323
2002-06-24,7.2855620131732675,3.68443098228778,-4.760159520614226,-2.326270748335063
2002-06-25,7.933453971851429,2.76948328256926,-5.390225742319097,-1.3458765608477186
2002-06-26,7.61683683025548,3.373491091882316,-5.554722157313288,-1.4648337548932486
2002-06-27,6.669308837031088,3.5757321604035,-6.265995844578411,-2.96899000436264
2002-06-28,6.380787352797134,4.466852164685077,-5.0128354434523175,-2.5594269729191965
2002-06-29,6.101559853915548,3.6540168770409682,-4.302133219883772,-2.387058280448381
2002-06-30,5.625488580698893,2.3118823790493286,-4.8614571547533885,-2.1689858235297983
2002-07-01,6.526519675305577,2.3464050998494552,-6.32463899650624,-2.1379066477610236
2002-07-02,6.028510008405426,2.4480600446758607,-4.765600585668503,-0.4118640919892551
2002-07-03,4.5611309964005,2.2040059094065185,-4.054246324692104,-0.36961868814788273
2002-07-04,6.511107900945593,2.9383321700617477,-4.293590291031448,-1.4265324157524242
2002-07-05,4.833410600417603,2.8179786225858576,-3.6261967419967327,-1.6250460756033294
2002-07-06,5.024929664042875,5.143179362750418,-4.620565097288202,-4.852948287052249
2002-07-07,3.8135986202777117,3.621141449011569,-4.372739470109856,-5.116100888156356
2002-07-08,4.035613532889321,2.0114224913109875,-3.5091043106207565,-4.357285575467672
2002-07-09,4.725431278090225,2.0288157263608992,-4.141217778609185,-2.7766683895079254
2002-07-10,3.3095506410095323,3.310522768356638,-2.6344547592426215,-2.8159878626886385
2002-07-11,1.4071825687437443,3.3287472831085623,-2.4905982677307565,-2.4106048092268852
2002-07-12,-0.26325781758831757,3.5205066178645175,-4.477366889388884,-3.0820721703180287
2002-07-13,1.0952759867428712,4.166692654340876,-3.6705300787369053,-3.0007434927708183
2002-07-14,0.07072192438342118,4.024815410679187,-4.468408365195095,-5.035554222503599
2002-07-15,0.850770705447749,3.5882362266172505,-3.3524114656122714,-4.630590429151548
2002-07-16,1.3207060408184406,2.44333298876815,-3.8621803804524886,-4.732415385533319
2002-07-17,1.6114681653274805,0.6634711721398727,-3.7617802980623676,-5.08123648402294
2002-07-18,1.7797324438698308,1.4998044427432737,-4.459062640162898,-6.222515622350308
2002-07-19,1.1193493284714129,1.3979335301109468,-3.801126357167734,-5.7478601401880685
2002-07-20,0.7561095873319592,0.96267646933776,-3.9657112642180445,-5.0717738085121855
2002-07-21,0.6670637102849971,2.1179311435029944,-4.26171327612437,-3.766964530217109
2002-07-22,3.107588440629338,1.4277969373641395,-5.605410969949066,-3.8582901377695165
2002-07-23,2.1601076412507934,1.7742665627707046,-4.685947881062798,-2.1966613088685643
2002-07-24,2.8129317521565436,1.6591242264273003,-4.793493071168335,-1.7055804359670226
2002-07-25,1.9571352926467505,2.00205612152638,-3.28135864416308,-2.0096802857859823
2002-07-26,2.4922783547406815,3.6009720324071646,-1.7003606728286753,-1.8852166050295953
2002-07-27,2.043747817691983,4.333391639882086,-2.0874566093635365,-0.2934311549633768
2002-07-28,2.960782307853858,5.277417929782891,-1.8568009270338752,-1.1112230832150483
2002-07-29,2.978629434508507,7.013814820227488,0.06969909827122778,-0.9678356067975559
2002-07-30,3.4326650115170585,8.073658689377174,1.0535262888535684,0.3627587339468471
2002-07-31,3.0268231461604715,8.59955571881399,1.8136163678477533,-1.3459580392495991
2002-08-01,3.229801907332808,9.112036771889445,0.49821682775249454,-0.2851255033142348
2002-08-02,4.165603436589464,9.64966804170385,0.4604788518449951,-0.573812857502912
2002-08-03,5.474756830737661,9.192618112409697,-0.5046892033345949,0.06961826115538572
2002-08-04,6.824327562041563,10.304184772084195,-2.0152444107304097,1.062435682927006
2002-08-05,6.660938796676906,10.498081697306688,-2.1960248725966527,0.8980617018926049
2002-08-06,5.35770317775359,10.481163831899458,-2.7538678219922748,1.4957984285683295
2002-08-07,5.533926128151425,11.94426588747086,-3.4759229049294937,0.3103977345370108
2002-08-08,5.489179393202703,11.63741025637297,-3.5875861907539535,-0.5050356005119334
2002-08-09,6.243321252420694,10.784242379320805,-5.639767832899663,-1.3072492721665712
2002-08-10,5.506304494905507,12.231718612488084,-5.422248188475117,-1.4689555391372422
2002-08-11,5.119032314305516,11.559251403469613,-4.686216547527809,-1.6115661781487771
2002-08-12,6.499696753877847,13.697192466038656,-4.965478706143705,-1.5169349571426571
2002-08-13,7.142323576909135,13.002442994114302,-4.649507058141151,-2.177662949778049
2002-08-14,7.4542712802367825,13.716472560884087,-4.596590062657162,-2.8606361848913973
2002-08-15,8.952292505731943,14.134733688869579,-4.499823563119833,-3.5464593691977173
2002-08-16,9.515631469186184,13.39756050628452,-2.9042979222076992,-3.680484355749858
2002-08-17,7.451105115387456,13.329666273055336,-2.1922254452559424,-2.828965994241226
2002-08-18,7.588556735945125,12.810595272741143,0.3366347198864936,-2.8219008951485587
2002-08-19,7.036983983179572,12.719791058350012,-1.272702107672762,-3.5489631508443478
2002-08-20,7.2796254971743455,13.527232056232007,-2.0470181857143186,-1.4481863184632133
2002-08-21,7.363604492391256,13.321921299208377,-1.8753542968757446,-1.8360064146603832
2002-08-22,6.848848768114964,12.51014280687268,-1.6211492587615737,-2.5208350762286855
2002-08-23,6.5194425605611395,12.29211875681012,-3.996500825902074,-2.036284669595962
2002-08-24,6.490270486501123,12.846335661109176,-4.817351855627529,-2.2876793083400386
2002-08-25,7.629715232549447,13.817026037299543,-4.066669685399618,-2.055467038352129
2002-08-26,9.31495027110443,14.143012633862698,-3.2553484377709387,-1.3622360252299426
2002-08-27,8.635933999529634,13.445212745307456,-4.51023729718417,-3.3757798635616734
2002-08-28,8.981203550206908,12.538389221012523,-5.680374829936751,-2.2420785366367237
2002-08-29,9.080154089945829,13.445272884092615,-5.31866411434863,-2.446335374691283
2002-08-30,9.224223429417002,12.676093136605413,-6.444741771858854,-4.262425032971199
2002-08-31,10.932155992389406,12.233634284924683,-7.20796364524496,-4.180037148816842
2002-09-01,10.106866810942568,11.4832796116918,-7.580336169448433,-4.530603161228105
2002-09-02,8.832547186669222,11.03674447171207,-8.816798342401492,-3.5197787683846844
2002-09-03,7.481863246513964,11.603910898299148,-10.248472322968007,-2.7254568659764127
2002-09-04,7.177331309930227,12.339357459566768,-9.82483557489305,-3.270263842266457
2002-09-05,7.272945767269232,13.052591029238759,-11.612693432999198,-2.5708286335281865
2002-09-06,6.2498673440597265,12.402612457836275,-12.47307272719777,-2.755959615918911
2002-09-07,6.671812747729206,12.043328796012661,-13.168128907866041,-4.5359824033532075
2002-09-08,6.927682355060297,12.224411220743207,-13.518178921921672,-3.0927435150476192
2002-09-09,7.3792154352286214,10.628434188693372,-14.35891734308288,-3.026354027564531
2002-09-10,7.061761938961875,10.502746069739509,-15.003505219077864,-2.9564875108875817
2002-09-11,7.459508101565956,10.572388690354417,-14.51249019787792,-3.9061615979395103
2002-09-12,6.994147450978092,11.21209384964708,-14.919372999060828,-3.9639897167580473
2002-09-13,6.727902168940939,12.80235361492552,-15.007816827579758,-4.627846297255788
2002-09-14,6.2420309403219045,11.73667231655027,-14.702624065483876,-5.933717579963133
2002-09-15,6.928693987971911,10.448461446991747,-14.33611989120788,-6.413596391378792
2002-09-16,7.791245103007146,9.221064637995484,-13.702491644450348,-7.098267177478991
2002-09-17,7.852215596190516,11.390400148460877,-13.590982604314414,-6.743832148536093
2002-09-18,8.000972074906468,10.972797215127903,-12.150587292179125,-7.848569499426148
2002-09-19,8.703091415031563,10.791495366201307,-11.881518834653717,-6.395577515552742
2002-09-20,6.836146885186626,12.5105791615861,-10.841075368486353,-7.356675706611577
2002-09-21,6.133045322930385,12.027699186008704,-10.289948833661553,-6.897088498123153
2002-09-22,5.998529509477819,10.5427203419655,-10.473475997663984,-7.108507698620389
2002-09-23,7.763191438462247,11.509829528787487,-10.590194065199457,-7.435597389050575
2002-09-24,8.212708823942643,12.09284086900402,-11.154986408770496,-7.586151754059177
2002-09-25,10.803467735548171,12.585680363295848,-10.707392615731909,-6.984498844078738
2002-09-26,10.985346954906117,11.804336652186036,-11.402686481943364,-6.888989315748625
